Marque,Modèle,Année,Prix
BMW X5 F85 M,4.4 575 M,2017,84 240 €
BMW X5 E70 phase 2,4.4 XDRIVE50IA 408,2011,26 980 €
BMW SERIE 3 G80 M3,3.0 510,2019,86 400 €
BMW SERIE 2 F87 COUPE M2,3.0 370 M2,2017,58 640 €
BMW SERIE 7 F02,4.4 750LIA 408 LUXE,2012,22 140 €
BMW SERIE 2 F87 COUPE M2,(F87) M2 3.0 COMPETITION 30CV DKG7,2019,60 400 €
BMW SERIE 4 F82 M4,3.0 450 M4 PACK COMPETITION,2017,68 560 €
BMW SERIE 2 F87 COUPE M2,3.0 370 M2,2017,50 860 €
BMW SERIE 4 F82 M4,3.0 450 M4 PACK COMPETITION,2020,217 780 €
BMW SERIE 4 F82 M4,3.0 450 M4 PACK COMPETITION,2019,73 690 €
BMW SERIE 2 F87 COUPE M2,3.0 412 M,2019,98 570 €
BMW SERIE 2 F87 COUPE M2,3.0 412 M,2020,77 320 €ou dès1 010 € /mois
BMW SERIE 3 F80 M3 phase 2,3.0 450 M3 PACK COMPETITION,2017,75 500 €
BMW SERIE 3 G20,3.0 M340I 374,2020,67 530 €
BMW SERIE 2 F87 COUPE M2,3.0 412 M,2020,70 330 €
BMW X3 G01,3.0 M40IA 360 M40I,2019,77 310 €
