Brand,Model,Motor,Year,Price,Fuel,Mileage,Location
BMW,X5 F85 M,4.4 575 M,2017,82760,Essence,94080,66
BMW,X3 F97 M,3.0 510 M COMPETITION,2020,104380,Essence,64740,31
BMW,SERIE 7 G12,6.6 M760LI 585 EXCLUSIVE,2020,92550,Essence,59122,83
BMW,SERIE 6 F13 M6,4.4 560 M6,2013,61480,Essence,120522,62
BMW,X3 F97 M,3.0 510 M COMPETITION,2020,97480,Essence,66456,1
BMW,X6 F86 M,4.4 575 M,2018,89040,Essence,102590,63
BMW,SERIE 5 F10 M5,4.4 V8 560 M5,2012,63580,Essence,64166,6
BMW,X4 F98 M,3.0 510 M COMPETITION,2020,91960,Essence,66249,81
BMW,SERIE 8 G15,4.4 M850IA 530,2020,113880,Essence,27360,67
BMW,SERIE 5 F90 M5,4.4 600 M5,2020,100680,Essence,4770,14
BMW,SERIE 5 F90 M5,4.4 626 COMPETITION,2019,86380,Essence,64800,1
BMW,X3 F97 M,3.0 510 M COMPETITION,2020,91000,Essence,36457,24
BMW,X6 F86 M,4.4 575 M,2017,101960,Essence,34133,33
BMW,X3 F97 M,3.0 510 M COMPETITION,2020,89660,Essence,66727,6
BMW,X6 E71 M phase 2,4.4 555 M,2011,35960,Essence,240271,42
BMW,X3 F97 M,3.0 510 M COMPETITION,2020,99100,Essence,63720,42
Brand,Model,Motor,Year,Price,Fuel,Mileage,Location
BMW,SERIE 6 F13 M6,(F13) COUPE M6 560 DKG7,2015,75280,Essence,69484,66
BMW,X3 F97 M,3.0 510 M COMPETITION,2020,93040,Essence,86549,41
BMW,SERIE 8 G15,4.4 M850IA 530,2020,118630,Essence,35030,69
BMW,X6 F86 M,4.4 575 M,2017,79230,Essence,71185,58
BMW,SERIE 6 F06 GRAN COUPE M6,4.4 575 M6,2015,55730,Essence,157713,14
BMW,X6 F86 M,4.4 575 M,2018,74730,Essence,138075,13
BMW,SERIE 5 F10 M5,4.4 V8 560 M5,2013,58740,Essence,73830,75
BMW,SERIE 5 F10 M5,4.4 V8 560 M5,2014,48130,Essence,115070,35
BMW,SERIE 8 G15,4.4 530 M PERFORMANCE,2020,106180,Essence,36816,77
BMW,X5 F85 M,4.4 575 M,2018,66690,Essence,95760,84
BMW,SERIE 6 F12 CABRIOLET M6 phase 2,4.4 560 M6,2014,61760,Essence,109206,14
BMW,X5 F85 M,4.4 575 M,2019,104530,Essence,36888,42
BMW,SERIE 5 F90 M5,4.4 600 M5,2020,109670,Essence,48678,11
BMW,SERIE 8 G15,4.4 M850IA 530,2020,83440,Essence,77816,49
BMW,X6 F86 M,4.4 575 M,2018,99430,Essence,38493,28
BMW,X6 F86 M,4.4 575 M,2017,86120,Essence,35515,83
Brand,Model,Motor,Year,Price,Fuel,Mileage,Location
BMW,SERIE 6 F06 GRAN COUPE M6,4.4 575 M6,2016,70540,Essence,88469,42
BMW,SERIE 5 F90 M5,4.4 600 M5,2019,73180,Essence,183900,49
BMW,SERIE 8 G15,4.4 M850IA 530,2019,113140,Essence,59901,76
BMW,SERIE 5 F90 M5,4.4 600 M5,2019,94380,Essence,52744,13
BMW,X3 F97 M,3.0 510 M COMPETITION,2020,85030,Essence,49195,27
BMW,SERIE 4 F82 M4,3.0 460 M4 CS,2017,173990,Essence,8708,91
BMW,X4 F98 M,3.0 510 M COMPETITION,2020,101990,Essence,38478,93
BMW,X5 E70 M phase 2,4.4 555 M,2012,51280,Essence,79458,95
BMW,SERIE 5 F90 M5,4.4 626 COMPETITION,2020,106180,Essence,62540,31
BMW,SERIE 8 G14 CABRIOLET,4.4 M850IA 530 M PERFORMANCE,2020,115770,Essence,51118,6
BMW,SERIE 6 F13 M6 phase 2,4.4 600 M6 PACK COMPETITION,2018,93120,Essence,49950,75
BMW,SERIE 5 F90 M5,4.4 600 M5,2019,107080,Essence,83987,95
BMW,SERIE 7 F02,6.0 760LI 544 EXCLUSIVE INDIVIDUAL,2012,31240,Essence,172480,75
BMW,SERIE 4 F82 M4,3.0 500 M4,2017,158350,Essence,22448,6
BMW,X6 G06,4.4 M50I 530,2020,115620,Essence,63602,45
BMW,SERIE 8 G15,4.4 M850IA 530,2020,104040,Essence,50091,30
